{
  "nodes": [
    {
      "op": "null", 
      "name": "data", 
      "inputs": []
    }, 
    {
      "op": "null", 
      "name": "p0", 
      "inputs": []
    }, 
    {
      "op": "null", 
      "name": "p1", 
      "inputs": []
    }, 
    {
      "op": "tvm_op", 
      "name": "fused_subtract_divide_transpose_layout_transform", 
      "attrs": {
        "num_outputs": "1", 
        "num_inputs": "3", 
        "func_name": "fused_subtract_divide_transpose_layout_transform", 
        "flatten_data": "0"
      }, 
      "inputs": [
        [
          0, 
          0, 
          0
        ], 
        [
          1, 
          0, 
          0
        ], 
        [
          2, 
          0, 
          0
        ]
      ]
    }, 
    {
      "op": "null", 
      "name": "p2", 
      "inputs": []
    }, 
    {
      "op": "null", 
      "name": "p3", 
      "inputs": []
    }, 
    {
      "op": "tvm_op", 
      "name": "fused_nn_contrib_conv2d_NCHWc_add_nn_relu_4", 
      "attrs": {
        "num_outputs": "1", 
        "num_inputs": "3", 
        "func_name": "fused_nn_contrib_conv2d_NCHWc_add_nn_relu_4", 
        "flatten_data": "0"
      }, 
      "inputs": [
        [
          3, 
          0, 
          0
        ], 
        [
          4, 
          0, 
          0
        ], 
        [
          5, 
          0, 
          0
        ]
      ]
    }, 
    {
      "op": "tvm_op", 
      "name": "fused_nn_max_pool2d", 
      "attrs": {
        "num_outputs": "1", 
        "num_inputs": "1", 
        "func_name": "fused_nn_max_pool2d", 
        "flatten_data": "0"
      }, 
      "inputs": [
        [
          6, 
          0, 
          0
        ]
      ]
    }, 
    {
      "op": "tvm_op", 
      "name": "fused_layout_transform_403", 
      "attrs": {
        "num_outputs": "1", 
        "num_inputs": "1", 
        "func_name": "fused_layout_transform_40", 
        "flatten_data": "0"
      }, 
      "inputs": [
        [
          7, 
          0, 
          0
        ]
      ]
    }, 
    {
      "op": "null", 
      "name": "p4", 
      "inputs": []
    }, 
    {
      "op": "null", 
      "name": "p5", 
      "inputs": []
    }, 
    {
      "op": "null", 
      "name": "p6", 
      "inputs": []
    }, 
    {
      "op": "tvm_op", 
      "name": "fused_nn_contrib_conv2d_NCHWc_add_add_nn_relu_7", 
      "attrs": {
        "num_outputs": "1", 
        "num_inputs": "4", 
        "func_name": "fused_nn_contrib_conv2d_NCHWc_add_add_nn_relu_7", 
        "flatten_data": "0"
      }, 
      "inputs": [
        [
          8, 
          0, 
          0
        ], 
        [
          9, 
          0, 
          0
        ], 
        [
          10, 
          0, 
          0
        ], 
        [
          11, 
          0, 
          0
        ]
      ]
    }, 
    {
      "op": "tvm_op", 
      "name": "fused_layout_transform_43", 
      "attrs": {
        "num_outputs": "1", 
        "num_inputs": "1", 
        "func_name": "fused_layout_transform_43", 
        "flatten_data": "0"
      }, 
      "inputs": [
        [
          12, 
          0, 
          0
        ]
      ]
    }, 
    {
      "op": "null", 
      "name": "p7", 
      "inputs": []
    }, 
    {
      "op": "null", 
      "name": "p8", 
      "inputs": []
    }, 
    {
      "op": "tvm_op", 
      "name": "fused_nn_contrib_conv2d_NCHWc_add_nn_relu_32", 
      "attrs": {
        "num_outputs": "1", 
        "num_inputs": "3", 
        "func_name": "fused_nn_contrib_conv2d_NCHWc_add_nn_relu_3", 
        "flatten_data": "0"
      }, 
      "inputs": [
        [
          13, 
          0, 
          0
        ], 
        [
          14, 
          0, 
          0
        ], 
        [
          15, 
          0, 
          0
        ]
      ]
    }, 
    {
      "op": "tvm_op", 
      "name": "fused_layout_transform_402", 
      "attrs": {
        "num_outputs": "1", 
        "num_inputs": "1", 
        "func_name": "fused_layout_transform_40", 
        "flatten_data": "0"
      }, 
      "inputs": [
        [
          16, 
          0, 
          0
        ]
      ]
    }, 
    {
      "op": "null", 
      "name": "p9", 
      "inputs": []
    }, 
    {
      "op": "null", 
      "name": "p10", 
      "inputs": []
    }, 
    {
      "op": "null", 
      "name": "p11", 
      "inputs": []
    }, 
    {
      "op": "null", 
      "name": "p12", 
      "inputs": []
    }, 
    {
      "op": "null", 
      "name": "p13", 
      "inputs": []
    }, 
    {
      "op": "null", 
      "name": "p14", 
      "inputs": []
    }, 
    {
      "op": "tvm_op", 
      "name": "fused_nn_contrib_conv2d_NCHWc_add", 
      "attrs": {
        "num_outputs": "1", 
        "num_inputs": "3", 
        "func_name": "fused_nn_contrib_conv2d_NCHWc_add", 
        "flatten_data": "0"
      }, 
      "inputs": [
        [
          8, 
          0, 
          0
        ], 
        [
          22, 
          0, 
          0
        ], 
        [
          23, 
          0, 
          0
        ]
      ]
    }, 
    {
      "op": "tvm_op", 
      "name": "fused_nn_contrib_conv2d_NCHWc_add_multiply_add_add_nn_relu_32", 
      "attrs": {
        "num_outputs": "1", 
        "num_inputs": "6", 
        "func_name": "fused_nn_contrib_conv2d_NCHWc_add_multiply_add_add_nn_relu_3", 
        "flatten_data": "0"
      }, 
      "inputs": [
        [
          17, 
          0, 
          0
        ], 
        [
          18, 
          0, 
          0
        ], 
        [
          19, 
          0, 
          0
        ], 
        [
          20, 
          0, 
          0
        ], 
        [
          21, 
          0, 
          0
        ], 
        [
          24, 
          0, 
          0
        ]
      ]
    }, 
    {
      "op": "tvm_op", 
      "name": "fused_layout_transform_421", 
      "attrs": {
        "num_outputs": "1", 
        "num_inputs": "1", 
        "func_name": "fused_layout_transform_42", 
        "flatten_data": "0"
      }, 
      "inputs": [
        [
          25, 
          0, 
          0
        ]
      ]
    }, 
    {
      "op": "null", 
      "name": "p15", 
      "inputs": []
    }, 
    {
      "op": "null", 
      "name": "p16", 
      "inputs": []
    }, 
    {
      "op": "null", 
      "name": "p17", 
      "inputs": []
    }, 
    {
      "op": "tvm_op", 
      "name": "fused_nn_contrib_conv2d_NCHWc_add_add_nn_relu_61", 
      "attrs": {
        "num_outputs": "1", 
        "num_inputs": "4", 
        "func_name": "fused_nn_contrib_conv2d_NCHWc_add_add_nn_relu_6", 
        "flatten_data": "0"
      }, 
      "inputs": [
        [
          26, 
          0, 
          0
        ], 
        [
          27, 
          0, 
          0
        ], 
        [
          28, 
          0, 
          0
        ], 
        [
          29, 
          0, 
          0
        ]
      ]
    }, 
    {
      "op": "tvm_op", 
      "name": "fused_layout_transform_411", 
      "attrs": {
        "num_outputs": "1", 
        "num_inputs": "1", 
        "func_name": "fused_layout_transform_41", 
        "flatten_data": "0"
      }, 
      "inputs": [
        [
          30, 
          0, 
          0
        ]
      ]
    }, 
    {
      "op": "null", 
      "name": "p18", 
      "inputs": []
    }, 
    {
      "op": "null", 
      "name": "p19", 
      "inputs": []
    }, 
    {
      "op": "tvm_op", 
      "name": "fused_nn_contrib_conv2d_NCHWc_add_nn_relu_31", 
      "attrs": {
        "num_outputs": "1", 
        "num_inputs": "3", 
        "func_name": "fused_nn_contrib_conv2d_NCHWc_add_nn_relu_3", 
        "flatten_data": "0"
      }, 
      "inputs": [
        [
          31, 
          0, 
          0
        ], 
        [
          32, 
          0, 
          0
        ], 
        [
          33, 
          0, 
          0
        ]
      ]
    }, 
    {
      "op": "tvm_op", 
      "name": "fused_layout_transform_401", 
      "attrs": {
        "num_outputs": "1", 
        "num_inputs": "1", 
        "func_name": "fused_layout_transform_40", 
        "flatten_data": "0"
      }, 
      "inputs": [
        [
          34, 
          0, 
          0
        ]
      ]
    }, 
    {
      "op": "null", 
      "name": "p20", 
      "inputs": []
    }, 
    {
      "op": "null", 
      "name": "p21", 
      "inputs": []
    }, 
    {
      "op": "null", 
      "name": "p22", 
      "inputs": []
    }, 
    {
      "op": "null", 
      "name": "p23", 
      "inputs": []
    }, 
    {
      "op": "tvm_op", 
      "name": "fused_nn_contrib_conv2d_NCHWc_add_multiply_add_add_nn_relu_31", 
      "attrs": {
        "num_outputs": "1", 
        "num_inputs": "6", 
        "func_name": "fused_nn_contrib_conv2d_NCHWc_add_multiply_add_add_nn_relu_3", 
        "flatten_data": "0"
      }, 
      "inputs": [
        [
          35, 
          0, 
          0
        ], 
        [
          36, 
          0, 
          0
        ], 
        [
          37, 
          0, 
          0
        ], 
        [
          38, 
          0, 
          0
        ], 
        [
          39, 
          0, 
          0
        ], 
        [
          25, 
          0, 
          0
        ]
      ]
    }, 
    {
      "op": "tvm_op", 
      "name": "fused_layout_transform_42", 
      "attrs": {
        "num_outputs": "1", 
        "num_inputs": "1", 
        "func_name": "fused_layout_transform_42", 
        "flatten_data": "0"
      }, 
      "inputs": [
        [
          40, 
          0, 
          0
        ]
      ]
    }, 
    {
      "op": "null", 
      "name": "p24", 
      "inputs": []
    }, 
    {
      "op": "null", 
      "name": "p25", 
      "inputs": []
    }, 
    {
      "op": "null", 
      "name": "p26", 
      "inputs": []
    }, 
    {
      "op": "tvm_op", 
      "name": "fused_nn_contrib_conv2d_NCHWc_add_add_nn_relu_6", 
      "attrs": {
        "num_outputs": "1", 
        "num_inputs": "4", 
        "func_name": "fused_nn_contrib_conv2d_NCHWc_add_add_nn_relu_6", 
        "flatten_data": "0"
      }, 
      "inputs": [
        [
          41, 
          0, 
          0
        ], 
        [
          42, 
          0, 
          0
        ], 
        [
          43, 
          0, 
          0
        ], 
        [
          44, 
          0, 
          0
        ]
      ]
    }, 
    {
      "op": "tvm_op", 
      "name": "fused_layout_transform_41", 
      "attrs": {
        "num_outputs": "1", 
        "num_inputs": "1", 
        "func_name": "fused_layout_transform_41", 
        "flatten_data": "0"
      }, 
      "inputs": [
        [
          45, 
          0, 
          0
        ]
      ]
    }, 
    {
      "op": "null", 
      "name": "p27", 
      "inputs": []
    }, 
    {
      "op": "null", 
      "name": "p28", 
      "inputs": []
    }, 
    {
      "op": "tvm_op", 
      "name": "fused_nn_contrib_conv2d_NCHWc_add_nn_relu_3", 
      "attrs": {
        "num_outputs": "1", 
        "num_inputs": "3", 
        "func_name": "fused_nn_contrib_conv2d_NCHWc_add_nn_relu_3", 
        "flatten_data": "0"
      }, 
      "inputs": [
        [
          46, 
          0, 
          0
        ], 
        [
          47, 
          0, 
          0
        ], 
        [
          48, 
          0, 
          0
        ]
      ]
    }, 
    {
      "op": "tvm_op", 
      "name": "fused_layout_transform_40", 
      "attrs": {
        "num_outputs": "1", 
        "num_inputs": "1", 
        "func_name": "fused_layout_transform_40", 
        "flatten_data": "0"
      }, 
      "inputs": [
        [
          49, 
          0, 
          0
        ]
      ]
    }, 
    {
      "op": "null", 
      "name": "p29", 
      "inputs": []
    }, 
    {
      "op": "null", 
      "name": "p30", 
      "inputs": []
    }, 
    {
      "op": "null", 
      "name": "p31", 
      "inputs": []
    }, 
    {
      "op": "null", 
      "name": "p32", 
      "inputs": []
    }, 
    {
      "op": "tvm_op", 
      "name": "fused_nn_contrib_conv2d_NCHWc_add_multiply_add_add_nn_relu_3", 
      "attrs": {
        "num_outputs": "1", 
        "num_inputs": "6", 
        "func_name": "fused_nn_contrib_conv2d_NCHWc_add_multiply_add_add_nn_relu_3", 
        "flatten_data": "0"
      }, 
      "inputs": [
        [
          50, 
          0, 
          0
        ], 
        [
          51, 
          0, 
          0
        ], 
        [
          52, 
          0, 
          0
        ], 
        [
          53, 
          0, 
          0
        ], 
        [
          54, 
          0, 
          0
        ], 
        [
          40, 
          0, 
          0
        ]
      ]
    }, 
    {
      "op": "tvm_op", 
      "name": "fused_layout_transform_39", 
      "attrs": {
        "num_outputs": "1", 
        "num_inputs": "1", 
        "func_name": "fused_layout_transform_39", 
        "flatten_data": "0"
      }, 
      "inputs": [
        [
          55, 
          0, 
          0
        ]
      ]
    }, 
    {
      "op": "null", 
      "name": "p33", 
      "inputs": []
    }, 
    {
      "op": "null", 
      "name": "p34", 
      "inputs": []
    }, 
    {
      "op": "null", 
      "name": "p35", 
      "inputs": []
    }, 
    {
      "op": "tvm_op", 
      "name": "fused_nn_contrib_conv2d_NCHWc_add_add_nn_relu_5", 
      "attrs": {
        "num_outputs": "1", 
        "num_inputs": "4", 
        "func_name": "fused_nn_contrib_conv2d_NCHWc_add_add_nn_relu_5", 
        "flatten_data": "0"
      }, 
      "inputs": [
        [
          56, 
          0, 
          0
        ], 
        [
          57, 
          0, 
          0
        ], 
        [
          58, 
          0, 
          0
        ], 
        [
          59, 
          0, 
          0
        ]
      ]
    }, 
    {
      "op": "tvm_op", 
      "name": "fused_layout_transform_387", 
      "attrs": {
        "num_outputs": "1", 
        "num_inputs": "1", 
        "func_name": "fused_layout_transform_38", 
        "flatten_data": "0"
      }, 
      "inputs": [
        [
          60, 
          0, 
          0
        ]
      ]
    }, 
    {
      "op": "null", 
      "name": "p36", 
      "inputs": []
    }, 
    {
      "op": "null", 
      "name": "p37", 
      "inputs": []
    }, 
    {
      "op": "tvm_op", 
      "name": "fused_nn_contrib_conv2d_NCHWc_add_nn_relu_23", 
      "attrs": {
        "num_outputs": "1", 
        "num_inputs": "3", 
        "func_name": "fused_nn_contrib_conv2d_NCHWc_add_nn_relu_2", 
        "flatten_data": "0"
      }, 
      "inputs": [
        [
          61, 
          0, 
          0
        ], 
        [
          62, 
          0, 
          0
        ], 
        [
          63, 
          0, 
          0
        ]
      ]
    }, 
    {
      "op": "tvm_op", 
      "name": "fused_layout_transform_386", 
      "attrs": {
        "num_outputs": "1", 
        "num_inputs": "1", 
        "func_name": "fused_layout_transform_38", 
        "flatten_data": "0"
      }, 
      "inputs": [
        [
          64, 
          0, 
          0
        ]
      ]
    }, 
    {
      "op": "null", 
      "name": "p38", 
      "inputs": []
    }, 
    {
      "op": "null", 
      "name": "p39", 
      "inputs": []
    }, 
    {
      "op": "null", 
      "name": "p40", 
      "inputs": []
    }, 
    {
      "op": "null", 
      "name": "p41", 
      "inputs": []
    }, 
    {
      "op": "null", 
      "name": "p42", 
      "inputs": []
    }, 
    {
      "op": "null", 
      "name": "p43", 
      "inputs": []
    }, 
    {
      "op": "tvm_op", 
      "name": "fused_nn_contrib_conv2d_NCHWc_add_1", 
      "attrs": {
        "num_outputs": "1", 
        "num_inputs": "3", 
        "func_name": "fused_nn_contrib_conv2d_NCHWc_add_1", 
        "flatten_data": "0"
      }, 
      "inputs": [
        [
          56, 
          0, 
          0
        ], 
        [
          70, 
          0, 
          0
        ], 
        [
          71, 
          0, 
          0
        ]
      ]
    }, 
    {
      "op": "tvm_op", 
      "name": "fused_layout_transform_44", 
      "attrs": {
        "num_outputs": "1", 
        "num_inputs": "1", 
        "func_name": "fused_layout_transform_44", 
        "flatten_data": "0"
      }, 
      "inputs": [
        [
          72, 
          0, 
          0
        ]
      ]
    }, 
    {
      "op": "tvm_op", 
      "name": "fused_nn_contrib_conv2d_NCHWc_add_multiply_add_add_nn_relu_23", 
      "attrs": {
        "num_outputs": "1", 
        "num_inputs": "6", 
        "func_name": "fused_nn_contrib_conv2d_NCHWc_add_multiply_add_add_nn_relu_2", 
        "flatten_data": "0"
      }, 
      "inputs": [
        [
          65, 
          0, 
          0
        ], 
        [
          66, 
          0, 
          0
        ], 
        [
          67, 
          0, 
          0
        ], 
        [
          68, 
          0, 
          0
        ], 
        [
          69, 
          0, 
          0
        ], 
        [
          73, 
          0, 
          0
        ]
      ]
    }, 
    {
      "op": "tvm_op", 
      "name": "fused_layout_transform_373", 
      "attrs": {
        "num_outputs": "1", 
        "num_inputs": "1", 
        "func_name": "fused_layout_transform_37", 
        "flatten_data": "0"
      }, 
      "inputs": [
        [
          74, 
          0, 
          0
        ]
      ]
    }, 
    {
      "op": "null", 
      "name": "p44", 
      "inputs": []
    }, 
    {
      "op": "null", 
      "name": "p45", 
      "inputs": []
    }, 
    {
      "op": "null", 
      "name": "p46", 
      "inputs": []
    }, 
    {
      "op": "tvm_op", 
      "name": "fused_nn_contrib_conv2d_NCHWc_add_add_nn_relu_42", 
      "attrs": {
        "num_outputs": "1", 
        "num_inputs": "4", 
        "func_name": "fused_nn_contrib_conv2d_NCHWc_add_add_nn_relu_4", 
        "flatten_data": "0"
      }, 
      "inputs": [
        [
          75, 
          0, 
          0
        ], 
        [
          76, 
          0, 
          0
        ], 
        [
          77, 
          0, 
          0
        ], 
        [
          78, 
          0, 
          0
        ]
      ]
    }, 
    {
      "op": "tvm_op", 
      "name": "fused_layout_transform_385", 
      "attrs": {
        "num_outputs": "1", 
        "num_inputs": "1", 
        "func_name": "fused_layout_transform_38", 
        "flatten_data": "0"
      }, 
      "inputs": [
        [
          79, 
          0, 
          0
        ]
      ]
    }, 
    {
      "op": "null", 
      "name": "p47", 
      "inputs": []
    }, 
    {
      "op": "null", 
      "name": "p48", 
      "inputs": []
    }, 
    {
      "op": "tvm_op", 
      "name": "fused_nn_contrib_conv2d_NCHWc_add_nn_relu_22", 
      "attrs": {
        "num_outputs": "1", 
        "num_inputs": "3", 
        "func_name": "fused_nn_contrib_conv2d_NCHWc_add_nn_relu_2", 
        "flatten_data": "0"
      }, 
      "inputs": [
        [
          80, 
          0, 
          0
        ], 
        [
          81, 
          0, 
          0
        ], 
        [
          82, 
          0, 
          0
        ]
      ]
    }, 
    {
      "op": "tvm_op", 
      "name": "fused_layout_transform_384", 
      "attrs": {
        "num_outputs": "1", 
        "num_inputs": "1", 
        "func_name": "fused_layout_transform_38", 
        "flatten_data": "0"
      }, 
      "inputs": [
        [
          83, 
          0, 
          0
        ]
      ]
    }, 
    {
      "op": "null", 
      "name": "p49", 
      "inputs": []
    }, 
    {
      "op": "null", 
      "name": "p50", 
      "inputs": []
    }, 
    {
      "op": "null", 
      "name": "p51", 
      "inputs": []
    }, 
    {
      "op": "null", 
      "name": "p52", 
      "inputs": []
    }, 
    {
      "op": "tvm_op", 
      "name": "fused_nn_contrib_conv2d_NCHWc_add_multiply_add_add_nn_relu_22", 
      "attrs": {
        "num_outputs": "1", 
        "num_inputs": "6", 
        "func_name": "fused_nn_contrib_conv2d_NCHWc_add_multiply_add_add_nn_relu_2", 
        "flatten_data": "0"
      }, 
      "inputs": [
        [
          84, 
          0, 
          0
        ], 
        [
          85, 
          0, 
          0
        ], 
        [
          86, 
          0, 
          0
        ], 
        [
          87, 
          0, 
          0
        ], 
        [
          88, 
          0, 
          0
        ], 
        [
          74, 
          0, 
          0
        ]
      ]
    }, 
    {
      "op": "tvm_op", 
      "name": "fused_layout_transform_372", 
      "attrs": {
        "num_outputs": "1", 
        "num_inputs": "1", 
        "func_name": "fused_layout_transform_37", 
        "flatten_data": "0"
      }, 
      "inputs": [
        [
          89, 
          0, 
          0
        ]
      ]
    }, 
    {
      "op": "null", 
      "name": "p53", 
      "inputs": []
    }, 
    {
      "op": "null", 
      "name": "p54", 
      "inputs": []
    }, 
    {
      "op": "null", 
      "name": "p55", 
      "inputs": []
    }, 
    {
      "op": "tvm_op", 
      "name": "fused_nn_contrib_conv2d_NCHWc_add_add_nn_relu_41", 
      "attrs": {
        "num_outputs": "1", 
        "num_inputs": "4", 
        "func_name": "fused_nn_contrib_conv2d_NCHWc_add_add_nn_relu_4", 
        "flatten_data": "0"
      }, 
      "inputs": [
        [
          90, 
          0, 
          0
        ], 
        [
          91, 
          0, 
          0
        ], 
        [
          92, 
          0, 
          0
        ], 
        [
          93, 
          0, 
          0
        ]
      ]
    }, 
    {
      "op": "tvm_op", 
      "name": "fused_layout_transform_383", 
      "attrs": {
        "num_outputs": "1", 
        "num_inputs": "1", 
        "func_name": "fused_layout_transform_38", 
        "flatten_data": "0"
      }, 
      "inputs": [
        [
          94, 
          0, 
          0
        ]
      ]
    }, 
    {
      "op": "null", 
      "name": "p56", 
      "inputs": []
    }, 
    {
      "op": "null", 
      "name": "p57", 
      "inputs": []
    }, 
    {
      "op": "tvm_op", 
      "name": "fused_nn_contrib_conv2d_NCHWc_add_nn_relu_21", 
      "attrs": {
        "num_outputs": "1", 
        "num_inputs": "3", 
        "func_name": "fused_nn_contrib_conv2d_NCHWc_add_nn_relu_2", 
        "flatten_data": "0"
      }, 
      "inputs": [
        [
          95, 
          0, 
          0
        ], 
        [
          96, 
          0, 
          0
        ], 
        [
          97, 
          0, 
          0
        ]
      ]
    }, 
    {
      "op": "tvm_op", 
      "name": "fused_layout_transform_382", 
      "attrs": {
        "num_outputs": "1", 
        "num_inputs": "1", 
        "func_name": "fused_layout_transform_38", 
        "flatten_data": "0"
      }, 
      "inputs": [
        [
          98, 
          0, 
          0
        ]
      ]
    }, 
    {
      "op": "null", 
      "name": "p58", 
      "inputs": []
    }, 
    {
      "op": "null", 
      "name": "p59", 
      "inputs": []
    }, 
    {
      "op": "null", 
      "name": "p60", 
      "inputs": []
    }, 
    {
      "op": "null", 
      "name": "p61", 
      "inputs": []
    }, 
    {
      "op": "tvm_op", 
      "name": "fused_nn_contrib_conv2d_NCHWc_add_multiply_add_add_nn_relu_21", 
      "attrs": {
        "num_outputs": "1", 
        "num_inputs": "6", 
        "func_name": "fused_nn_contrib_conv2d_NCHWc_add_multiply_add_add_nn_relu_2", 
        "flatten_data": "0"
      }, 
      "inputs": [
        [
          99, 
          0, 
          0
        ], 
        [
          100, 
          0, 
          0
        ], 
        [
          101, 
          0, 
          0
        ], 
        [
          102, 
          0, 
          0
        ], 
        [
          103, 
          0, 
          0
        ], 
        [
          89, 
          0, 
          0
        ]
      ]
    }, 
    {
      "op": "tvm_op", 
      "name": "fused_layout_transform_371", 
      "attrs": {
        "num_outputs": "1", 
        "num_inputs": "1", 
        "func_name": "fused_layout_transform_37", 
        "flatten_data": "0"
      }, 
      "inputs": [
        [
          104, 
          0, 
          0
        ]
      ]
    }, 
    {
      "op": "null", 
      "name": "p62", 
      "inputs": []
    }, 
    {
      "op": "null", 
      "name": "p63", 
      "inputs": []
    }, 
    {
      "op": "null", 
      "name": "p64", 
      "inputs": []
    }, 
    {
      "op": "tvm_op", 
      "name": "fused_nn_contrib_conv2d_NCHWc_add_add_nn_relu_4", 
      "attrs": {
        "num_outputs": "1", 
        "num_inputs": "4", 
        "func_name": "fused_nn_contrib_conv2d_NCHWc_add_add_nn_relu_4", 
        "flatten_data": "0"
      }, 
      "inputs": [
        [
          105, 
          0, 
          0
        ], 
        [
          106, 
          0, 
          0
        ], 
        [
          107, 
          0, 
          0
        ], 
        [
          108, 
          0, 
          0
        ]
      ]
    }, 
    {
      "op": "tvm_op", 
      "name": "fused_layout_transform_381", 
      "attrs": {
        "num_outputs": "1", 
        "num_inputs": "1", 
        "func_name": "fused_layout_transform_38", 
        "flatten_data": "0"
      }, 
      "inputs": [
        [
          109, 
          0, 
          0
        ]
      ]
    }, 
    {
      "op": "null", 
      "name": "p65", 
      "inputs": []
    }, 
    {
      "op": "null", 
      "name": "p66", 
      "inputs": []
    }, 
    {
      "op": "tvm_op", 
      "name": "fused_nn_contrib_conv2d_NCHWc_add_nn_relu_2", 
      "attrs": {
        "num_outputs": "1", 
        "num_inputs": "3", 
        "func_name": "fused_nn_contrib_conv2d_NCHWc_add_nn_relu_2", 
        "flatten_data": "0"
      }, 
      "inputs": [
        [
          110, 
          0, 
          0
        ], 
        [
          111, 
          0, 
          0
        ], 
        [
          112, 
          0, 
          0
        ]
      ]
    }, 
    {
      "op": "tvm_op", 
      "name": "fused_layout_transform_38", 
      "attrs": {
        "num_outputs": "1", 
        "num_inputs": "1", 
        "func_name": "fused_layout_transform_38", 
        "flatten_data": "0"
      }, 
      "inputs": [
        [
          113, 
          0, 
          0
        ]
      ]
    }, 
    {
      "op": "null", 
      "name": "p67", 
      "inputs": []
    }, 
    {
      "op": "null", 
      "name": "p68", 
      "inputs": []
    }, 
    {
      "op": "null", 
      "name": "p69", 
      "inputs": []
    }, 
    {
      "op": "null", 
      "name": "p70", 
      "inputs": []
    }, 
    {
      "op": "tvm_op", 
      "name": "fused_nn_contrib_conv2d_NCHWc_add_multiply_add_add_nn_relu_2", 
      "attrs": {
        "num_outputs": "1", 
        "num_inputs": "6", 
        "func_name": "fused_nn_contrib_conv2d_NCHWc_add_multiply_add_add_nn_relu_2", 
        "flatten_data": "0"
      }, 
      "inputs": [
        [
          114, 
          0, 
          0
        ], 
        [
          115, 
          0, 
          0
        ], 
        [
          116, 
          0, 
          0
        ], 
        [
          117, 
          0, 
          0
        ], 
        [
          118, 
          0, 
          0
        ], 
        [
          104, 
          0, 
          0
        ]
      ]
    }, 
    {
      "op": "tvm_op", 
      "name": "fused_layout_transform_37", 
      "attrs": {
        "num_outputs": "1", 
        "num_inputs": "1", 
        "func_name": "fused_layout_transform_37", 
        "flatten_data": "0"
      }, 
      "inputs": [
        [
          119, 
          0, 
          0
        ]
      ]
    }, 
    {
      "op": "null", 
      "name": "p71", 
      "inputs": []
    }, 
    {
      "op": "null", 
      "name": "p72", 
      "inputs": []
    }, 
    {
      "op": "null", 
      "name": "p73", 
      "inputs": []
    }, 
    {
      "op": "tvm_op", 
      "name": "fused_nn_contrib_conv2d_NCHWc_add_add_nn_relu_3", 
      "attrs": {
        "num_outputs": "1", 
        "num_inputs": "4", 
        "func_name": "fused_nn_contrib_conv2d_NCHWc_add_add_nn_relu_3", 
        "flatten_data": "0"
      }, 
      "inputs": [
        [
          120, 
          0, 
          0
        ], 
        [
          121, 
          0, 
          0
        ], 
        [
          122, 
          0, 
          0
        ], 
        [
          123, 
          0, 
          0
        ]
      ]
    }, 
    {
      "op": "tvm_op", 
      "name": "fused_layout_transform_355", 
      "attrs": {
        "num_outputs": "1", 
        "num_inputs": "1", 
        "func_name": "fused_layout_transform_35", 
        "flatten_data": "0"
      }, 
      "inputs": [
        [
          124, 
          0, 
          0
        ]
      ]
    }, 
    {
      "op": "null", 
      "name": "p74", 
      "inputs": []
    }, 
    {
      "op": "null", 
      "name": "p75", 
      "inputs": []
    }, 
    {
      "op": "tvm_op", 
      "name": "fused_nn_contrib_conv2d_NCHWc_add_nn_relu_15", 
      "attrs": {
        "num_outputs": "1", 
        "num_inputs": "3", 
        "func_name": "fused_nn_contrib_conv2d_NCHWc_add_nn_relu_1", 
        "flatten_data": "0"
      }, 
      "inputs": [
        [
          125, 
          0, 
          0
        ], 
        [
          126, 
          0, 
          0
        ], 
        [
          127, 
          0, 
          0
        ]
      ]
    }, 
    {
      "op": "tvm_op", 
      "name": "fused_layout_transform_345", 
      "attrs": {
        "num_outputs": "1", 
        "num_inputs": "1", 
        "func_name": "fused_layout_transform_34", 
        "flatten_data": "0"
      }, 
      "inputs": [
        [
          128, 
          0, 
          0
        ]
      ]
    }, 
    {
      "op": "null", 
      "name": "p76", 
      "inputs": []
    }, 
    {
      "op": "null", 
      "name": "p77", 
      "inputs": []
    }, 
    {
      "op": "null", 
      "name": "p78", 
      "inputs": []
    }, 
    {
      "op": "null", 
      "name": "p79", 
      "inputs": []
    }, 
    {
      "op": "null", 
      "name": "p80", 
      "inputs": []
    }, 
    {
      "op": "null", 
      "name": "p81", 
      "inputs": []
    }, 
    {
      "op": "tvm_op", 
      "name": "fused_nn_contrib_conv2d_NCHWc_add_2", 
      "attrs": {
        "num_outputs": "1", 
        "num_inputs": "3", 
        "func_name": "fused_nn_contrib_conv2d_NCHWc_add_2", 
        "flatten_data": "0"
      }, 
      "inputs": [
        [
          120, 
          0, 
          0
        ], 
        [
          134, 
          0, 
          0
        ], 
        [
          135, 
          0, 
          0
        ]
      ]
    }, 
    {
      "op": "tvm_op", 
      "name": "fused_nn_contrib_conv2d_NCHWc_add_multiply_add_add_nn_relu_15", 
      "attrs": {
        "num_outputs": "1", 
        "num_inputs": "6", 
        "func_name": "fused_nn_contrib_conv2d_NCHWc_add_multiply_add_add_nn_relu_1", 
        "flatten_data": "0"
      }, 
      "inputs": [
        [
          129, 
          0, 
          0
        ], 
        [
          130, 
          0, 
          0
        ], 
        [
          131, 
          0, 
          0
        ], 
        [
          132, 
          0, 
          0
        ], 
        [
          133, 
          0, 
          0
        ], 
        [
          136, 
          0, 
          0
        ]
      ]
    }, 
    {
      "op": "tvm_op", 
      "name": "fused_layout_transform_364", 
      "attrs": {
        "num_outputs": "1", 
        "num_inputs": "1", 
        "func_name": "fused_layout_transform_36", 
        "flatten_data": "0"
      }, 
      "inputs": [
        [
          137, 
          0, 
          0
        ]
      ]
    }, 
    {
      "op": "null", 
      "name": "p82", 
      "inputs": []
    }, 
    {
      "op": "null", 
      "name": "p83", 
      "inputs": []
    }, 
    {
      "op": "null", 
      "name": "p84", 
      "inputs": []
    }, 
    {
      "op": "tvm_op", 
      "name": "fused_nn_contrib_conv2d_NCHWc_add_add_nn_relu_24", 
      "attrs": {
        "num_outputs": "1", 
        "num_inputs": "4", 
        "func_name": "fused_nn_contrib_conv2d_NCHWc_add_add_nn_relu_2", 
        "flatten_data": "0"
      }, 
      "inputs": [
        [
          138, 
          0, 
          0
        ], 
        [
          139, 
          0, 
          0
        ], 
        [
          140, 
          0, 
          0
        ], 
        [
          141, 
          0, 
          0
        ]
      ]
    }, 
    {
      "op": "tvm_op", 
      "name": "fused_layout_transform_354", 
      "attrs": {
        "num_outputs": "1", 
        "num_inputs": "1", 
        "func_name": "fused_layout_transform_35", 
        "flatten_data": "0"
      }, 
      "inputs": [
        [
          142, 
          0, 
          0
        ]
      ]
    }, 
    {
      "op": "null", 
      "name": "p85", 
      "inputs": []
    }, 
    {
      "op": "null", 
      "name": "p86", 
      "inputs": []
    }, 
    {
      "op": "tvm_op", 
      "name": "fused_nn_contrib_conv2d_NCHWc_add_nn_relu_14", 
      "attrs": {
        "num_outputs": "1", 
        "num_inputs": "3", 
        "func_name": "fused_nn_contrib_conv2d_NCHWc_add_nn_relu_1", 
        "flatten_data": "0"
      }, 
      "inputs": [
        [
          143, 
          0, 
          0
        ], 
        [
          144, 
          0, 
          0
        ], 
        [
          145, 
          0, 
          0
        ]
      ]
    }, 
    {
      "op": "tvm_op", 
      "name": "fused_layout_transform_344", 
      "attrs": {
        "num_outputs": "1", 
        "num_inputs": "1", 
        "func_name": "fused_layout_transform_34", 
        "flatten_data": "0"
      }, 
      "inputs": [
        [
          146, 
          0, 
          0
        ]
      ]
    }, 
    {
      "op": "null", 
      "name": "p87", 
      "inputs": []
    }, 
    {
      "op": "null", 
      "name": "p88", 
      "inputs": []
    }, 
    {
      "op": "null", 
      "name": "p89", 
      "inputs": []
    }, 
    {
      "op": "null", 
      "name": "p90", 
      "inputs": []
    }, 
    {
      "op": "tvm_op", 
      "name": "fused_nn_contrib_conv2d_NCHWc_add_multiply_add_add_nn_relu_14", 
      "attrs": {
        "num_outputs": "1", 
        "num_inputs": "6", 
        "func_name": "fused_nn_contrib_conv2d_NCHWc_add_multiply_add_add_nn_relu_1", 
        "flatten_data": "0"
      }, 
      "inputs": [
        [
          147, 
          0, 
          0
        ], 
        [
          148, 
          0, 
          0
        ], 
        [
          149, 
          0, 
          0
        ], 
        [
          150, 
          0, 
          0
        ], 
        [
          151, 
          0, 
          0
        ], 
        [
          137, 
          0, 
          0
        ]
      ]
    }, 
    {
      "op": "tvm_op", 
      "name": "fused_layout_transform_363", 
      "attrs": {
        "num_outputs": "1", 
        "num_inputs": "1", 
        "func_name": "fused_layout_transform_36", 
        "flatten_data": "0"
      }, 
      "inputs": [
        [
          152, 
          0, 
          0
        ]
      ]
    }, 
    {
      "op": "null", 
      "name": "p91", 
      "inputs": []
    }, 
    {
      "op": "null", 
      "name": "p92", 
      "inputs": []
    }, 
    {
      "op": "null", 
      "name": "p93", 
      "inputs": []
    }, 
    {
      "op": "tvm_op", 
      "name": "fused_nn_contrib_conv2d_NCHWc_add_add_nn_relu_23", 
      "attrs": {
        "num_outputs": "1", 
        "num_inputs": "4", 
        "func_name": "fused_nn_contrib_conv2d_NCHWc_add_add_nn_relu_2", 
        "flatten_data": "0"
      }, 
      "inputs": [
        [
          153, 
          0, 
          0
        ], 
        [
          154, 
          0, 
          0
        ], 
        [
          155, 
          0, 
          0
        ], 
        [
          156, 
          0, 
          0
        ]
      ]
    }, 
    {
      "op": "tvm_op", 
      "name": "fused_layout_transform_353", 
      "attrs": {
        "num_outputs": "1", 
        "num_inputs": "1", 
        "func_name": "fused_layout_transform_35", 
        "flatten_data": "0"
      }, 
      "inputs": [
        [
          157, 
          0, 
          0
        ]
      ]
    }, 
    {
      "op": "null", 
      "name": "p94", 
      "inputs": []
    }, 
    {
      "op": "null", 
      "name": "p95", 
      "inputs": []
    }, 
    {
      "op": "tvm_op", 
      "name": "fused_nn_contrib_conv2d_NCHWc_add_nn_relu_13", 
      "attrs": {
        "num_outputs": "1", 
        "num_inputs": "3", 
        "func_name": "fused_nn_contrib_conv2d_NCHWc_add_nn_relu_1", 
        "flatten_data": "0"
      }, 
      "inputs": [
        [
          158, 
          0, 
          0
        ], 
        [
          159, 
          0, 
          0
        ], 
        [
          160, 
          0, 
          0
        ]
      ]
    }, 
    {
      "op": "tvm_op", 
      "name": "fused_layout_transform_343", 
      "attrs": {
        "num_outputs": "1", 
        "num_inputs": "1", 
        "func_name": "fused_layout_transform_34", 
        "flatten_data": "0"
      }, 
      "inputs": [
        [
          161, 
          0, 
          0
        ]
      ]
    }, 
    {
      "op": "null", 
      "name": "p96", 
      "inputs": []
    }, 
    {
      "op": "null", 
      "name": "p97", 
      "inputs": []
    }, 
    {
      "op": "null", 
      "name": "p98", 
      "inputs": []
    }, 
    {
      "op": "null", 
      "name": "p99", 
      "inputs": []
    }, 
    {
      "op": "tvm_op", 
      "name": "fused_nn_contrib_conv2d_NCHWc_add_multiply_add_add_nn_relu_13", 
      "attrs": {
        "num_outputs": "1", 
        "num_inputs": "6", 
        "func_name": "fused_nn_contrib_conv2d_NCHWc_add_multiply_add_add_nn_relu_1", 
        "flatten_data": "0"
      }, 
      "inputs": [
        [
          162, 
          0, 
          0
        ], 
        [
          163, 
          0, 
          0
        ], 
        [
          164, 
          0, 
          0
        ], 
        [
          165, 
          0, 
          0
        ], 
        [
          166, 
          0, 
          0
        ], 
        [
          152, 
          0, 
          0
        ]
      ]
    }, 
    {
      "op": "tvm_op", 
      "name": "fused_layout_transform_362", 
      "attrs": {
        "num_outputs": "1", 
        "num_inputs": "1", 
        "func_name": "fused_layout_transform_36", 
        "flatten_data": "0"
      }, 
      "inputs": [
        [
          167, 
          0, 
          0
        ]
      ]
    }, 
    {
      "op": "null", 
      "name": "p100", 
      "inputs": []
    }, 
    {
      "op": "null", 
      "name": "p101", 
      "inputs": []
    }, 
    {
      "op": "null", 
      "name": "p102", 
      "inputs": []
    }, 
    {
      "op": "tvm_op", 
      "name": "fused_nn_contrib_conv2d_NCHWc_add_add_nn_relu_22", 
      "attrs": {
        "num_outputs": "1", 
        "num_inputs": "4", 
        "func_name": "fused_nn_contrib_conv2d_NCHWc_add_add_nn_relu_2", 
        "flatten_data": "0"
      }, 
      "inputs": [
        [
          168, 
          0, 
          0
        ], 
        [
          169, 
          0, 
          0
        ], 
        [
          170, 
          0, 
          0
        ], 
        [
          171, 
          0, 
          0
        ]
      ]
    }, 
    {
      "op": "tvm_op", 
      "name": "fused_layout_transform_352", 
      "attrs": {
        "num_outputs": "1", 
        "num_inputs": "1", 
        "func_name": "fused_layout_transform_35", 
        "flatten_data": "0"
      }, 
      "inputs": [
        [
          172, 
          0, 
          0
        ]
      ]
    }, 
    {
      "op": "null", 
      "name": "p103", 
      "inputs": []
    }, 
    {
      "op": "null", 
      "name": "p104", 
      "inputs": []
    }, 
    {
      "op": "tvm_op", 
      "name": "fused_nn_contrib_conv2d_NCHWc_add_nn_relu_12", 
      "attrs": {
        "num_outputs": "1", 
        "num_inputs": "3", 
        "func_name": "fused_nn_contrib_conv2d_NCHWc_add_nn_relu_1", 
        "flatten_data": "0"
      }, 
      "inputs": [
        [
          173, 
          0, 
          0
        ], 
        [
          174, 
          0, 
          0
        ], 
        [
          175, 
          0, 
          0
        ]
      ]
    }, 
    {
      "op": "tvm_op", 
      "name": "fused_layout_transform_342", 
      "attrs": {
        "num_outputs": "1", 
        "num_inputs": "1", 
        "func_name": "fused_layout_transform_34", 
        "flatten_data": "0"
      }, 
      "inputs": [
        [
          176, 
          0, 
          0
        ]
      ]
    }, 
    {
      "op": "null", 
      "name": "p105", 
      "inputs": []
    }, 
    {
      "op": "null", 
      "name": "p106", 
      "inputs": []
    }, 
    {
      "op": "null", 
      "name": "p107", 
      "inputs": []
    }, 
    {
      "op": "null", 
      "name": "p108", 
      "inputs": []
    }, 
    {
      "op": "tvm_op", 
      "name": "fused_nn_contrib_conv2d_NCHWc_add_multiply_add_add_nn_relu_12", 
      "attrs": {
        "num_outputs": "1", 
        "num_inputs": "6", 
        "func_name": "fused_nn_contrib_conv2d_NCHWc_add_multiply_add_add_nn_relu_1", 
        "flatten_data": "0"
      }, 
      "inputs": [
        [
          177, 
          0, 
          0
        ], 
        [
          178, 
          0, 
          0
        ], 
        [
          179, 
          0, 
          0
        ], 
        [
          180, 
          0, 
          0
        ], 
        [
          181, 
          0, 
          0
        ], 
        [
          167, 
          0, 
          0
        ]
      ]
    }, 
    {
      "op": "tvm_op", 
      "name": "fused_layout_transform_361", 
      "attrs": {
        "num_outputs": "1", 
        "num_inputs": "1", 
        "func_name": "fused_layout_transform_36", 
        "flatten_data": "0"
      }, 
      "inputs": [
        [
          182, 
          0, 
          0
        ]
      ]
    }, 
    {
      "op": "null", 
      "name": "p109", 
      "inputs": []
    }, 
    {
      "op": "null", 
      "name": "p110", 
      "inputs": []
    }, 
    {
      "op": "null", 
      "name": "p111", 
      "inputs": []
    }, 
    {
      "op": "tvm_op", 
      "name": "fused_nn_contrib_conv2d_NCHWc_add_add_nn_relu_21", 
      "attrs": {
        "num_outputs": "1", 
        "num_inputs": "4", 
        "func_name": "fused_nn_contrib_conv2d_NCHWc_add_add_nn_relu_2", 
        "flatten_data": "0"
      }, 
      "inputs": [
        [
          183, 
          0, 
          0
        ], 
        [
          184, 
          0, 
          0
        ], 
        [
          185, 
          0, 
          0
        ], 
        [
          186, 
          0, 
          0
        ]
      ]
    }, 
    {
      "op": "tvm_op", 
      "name": "fused_layout_transform_351", 
      "attrs": {
        "num_outputs": "1", 
        "num_inputs": "1", 
        "func_name": "fused_layout_transform_35", 
        "flatten_data": "0"
      }, 
      "inputs": [
        [
          187, 
          0, 
          0
        ]
      ]
    }, 
    {
      "op": "null", 
      "name": "p112", 
      "inputs": []
    }, 
    {
      "op": "null", 
      "name": "p113", 
      "inputs": []
    }, 
    {
      "op": "tvm_op", 
      "name": "fused_nn_contrib_conv2d_NCHWc_add_nn_relu_11", 
      "attrs": {
        "num_outputs": "1", 
        "num_inputs": "3", 
        "func_name": "fused_nn_contrib_conv2d_NCHWc_add_nn_relu_1", 
        "flatten_data": "0"
      }, 
      "inputs": [
        [
          188, 
          0, 
          0
        ], 
        [
          189, 
          0, 
          0
        ], 
        [
          190, 
          0, 
          0
        ]
      ]
    }, 
    {
      "op": "tvm_op", 
      "name": "fused_layout_transform_341", 
      "attrs": {
        "num_outputs": "1", 
        "num_inputs": "1", 
        "func_name": "fused_layout_transform_34", 
        "flatten_data": "0"
      }, 
      "inputs": [
        [
          191, 
          0, 
          0
        ]
      ]
    }, 
    {
      "op": "null", 
      "name": "p114", 
      "inputs": []
    }, 
    {
      "op": "null", 
      "name": "p115", 
      "inputs": []
    }, 
    {
      "op": "null", 
      "name": "p116", 
      "inputs": []
    }, 
    {
      "op": "null", 
      "name": "p117", 
      "inputs": []
    }, 
    {
      "op": "tvm_op", 
      "name": "fused_nn_contrib_conv2d_NCHWc_add_multiply_add_add_nn_relu_11", 
      "attrs": {
        "num_outputs": "1", 
        "num_inputs": "6", 
        "func_name": "fused_nn_contrib_conv2d_NCHWc_add_multiply_add_add_nn_relu_1", 
        "flatten_data": "0"
      }, 
      "inputs": [
        [
          192, 
          0, 
          0
        ], 
        [
          193, 
          0, 
          0
        ], 
        [
          194, 
          0, 
          0
        ], 
        [
          195, 
          0, 
          0
        ], 
        [
          196, 
          0, 
          0
        ], 
        [
          182, 
          0, 
          0
        ]
      ]
    }, 
    {
      "op": "tvm_op", 
      "name": "fused_layout_transform_36", 
      "attrs": {
        "num_outputs": "1", 
        "num_inputs": "1", 
        "func_name": "fused_layout_transform_36", 
        "flatten_data": "0"
      }, 
      "inputs": [
        [
          197, 
          0, 
          0
        ]
      ]
    }, 
    {
      "op": "null", 
      "name": "p118", 
      "inputs": []
    }, 
    {
      "op": "null", 
      "name": "p119", 
      "inputs": []
    }, 
    {
      "op": "null", 
      "name": "p120", 
      "inputs": []
    }, 
    {
      "op": "tvm_op", 
      "name": "fused_nn_contrib_conv2d_NCHWc_add_add_nn_relu_2", 
      "attrs": {
        "num_outputs": "1", 
        "num_inputs": "4", 
        "func_name": "fused_nn_contrib_conv2d_NCHWc_add_add_nn_relu_2", 
        "flatten_data": "0"
      }, 
      "inputs": [
        [
          198, 
          0, 
          0
        ], 
        [
          199, 
          0, 
          0
        ], 
        [
          200, 
          0, 
          0
        ], 
        [
          201, 
          0, 
          0
        ]
      ]
    }, 
    {
      "op": "tvm_op", 
      "name": "fused_layout_transform_35", 
      "attrs": {
        "num_outputs": "1", 
        "num_inputs": "1", 
        "func_name": "fused_layout_transform_35", 
        "flatten_data": "0"
      }, 
      "inputs": [
        [
          202, 
          0, 
          0
        ]
      ]
    }, 
    {
      "op": "null", 
      "name": "p121", 
      "inputs": []
    }, 
    {
      "op": "null", 
      "name": "p122", 
      "inputs": []
    }, 
    {
      "op": "tvm_op", 
      "name": "fused_nn_contrib_conv2d_NCHWc_add_nn_relu_1", 
      "attrs": {
        "num_outputs": "1", 
        "num_inputs": "3", 
        "func_name": "fused_nn_contrib_conv2d_NCHWc_add_nn_relu_1", 
        "flatten_data": "0"
      }, 
      "inputs": [
        [
          203, 
          0, 
          0
        ], 
        [
          204, 
          0, 
          0
        ], 
        [
          205, 
          0, 
          0
        ]
      ]
    }, 
    {
      "op": "tvm_op", 
      "name": "fused_layout_transform_34", 
      "attrs": {
        "num_outputs": "1", 
        "num_inputs": "1", 
        "func_name": "fused_layout_transform_34", 
        "flatten_data": "0"
      }, 
      "inputs": [
        [
          206, 
          0, 
          0
        ]
      ]
    }, 
    {
      "op": "null", 
      "name": "p123", 
      "inputs": []
    }, 
    {
      "op": "null", 
      "name": "p124", 
      "inputs": []
    }, 
    {
      "op": "null", 
      "name": "p125", 
      "inputs": []
    }, 
    {
      "op": "null", 
      "name": "p126", 
      "inputs": []
    }, 
    {
      "op": "tvm_op", 
      "name": "fused_nn_contrib_conv2d_NCHWc_add_multiply_add_add_nn_relu_1", 
      "attrs": {
        "num_outputs": "1", 
        "num_inputs": "6", 
        "func_name": "fused_nn_contrib_conv2d_NCHWc_add_multiply_add_add_nn_relu_1", 
        "flatten_data": "0"
      }, 
      "inputs": [
        [
          207, 
          0, 
          0
        ], 
        [
          208, 
          0, 
          0
        ], 
        [
          209, 
          0, 
          0
        ], 
        [
          210, 
          0, 
          0
        ], 
        [
          211, 
          0, 
          0
        ], 
        [
          197, 
          0, 
          0
        ]
      ]
    }, 
    {
      "op": "tvm_op", 
      "name": "fused_layout_transform_33", 
      "attrs": {
        "num_outputs": "1", 
        "num_inputs": "1", 
        "func_name": "fused_layout_transform_33", 
        "flatten_data": "0"
      }, 
      "inputs": [
        [
          212, 
          0, 
          0
        ]
      ]
    }, 
    {
      "op": "null", 
      "name": "p127", 
      "inputs": []
    }, 
    {
      "op": "null", 
      "name": "p128", 
      "inputs": []
    }, 
    {
      "op": "null", 
      "name": "p129", 
      "inputs": []
    }, 
    {
      "op": "tvm_op", 
      "name": "fused_nn_contrib_conv2d_NCHWc_add_add_nn_relu_1", 
      "attrs": {
        "num_outputs": "1", 
        "num_inputs": "4", 
        "func_name": "fused_nn_contrib_conv2d_NCHWc_add_add_nn_relu_1", 
        "flatten_data": "0"
      }, 
      "inputs": [
        [
          213, 
          0, 
          0
        ], 
        [
          214, 
          0, 
          0
        ], 
        [
          215, 
          0, 
          0
        ], 
        [
          216, 
          0, 
          0
        ]
      ]
    }, 
    {
      "op": "tvm_op", 
      "name": "fused_layout_transform_312", 
      "attrs": {
        "num_outputs": "1", 
        "num_inputs": "1", 
        "func_name": "fused_layout_transform_31", 
        "flatten_data": "0"
      }, 
      "inputs": [
        [
          217, 
          0, 
          0
        ]
      ]
    }, 
    {
      "op": "null", 
      "name": "p130", 
      "inputs": []
    }, 
    {
      "op": "null", 
      "name": "p131", 
      "inputs": []
    }, 
    {
      "op": "tvm_op", 
      "name": "fused_nn_contrib_conv2d_NCHWc_add_nn_relu2", 
      "attrs": {
        "num_outputs": "1", 
        "num_inputs": "3", 
        "func_name": "fused_nn_contrib_conv2d_NCHWc_add_nn_relu", 
        "flatten_data": "0"
      }, 
      "inputs": [
        [
          218, 
          0, 
          0
        ], 
        [
          219, 
          0, 
          0
        ], 
        [
          220, 
          0, 
          0
        ]
      ]
    }, 
    {
      "op": "tvm_op", 
      "name": "fused_layout_transform_302", 
      "attrs": {
        "num_outputs": "1", 
        "num_inputs": "1", 
        "func_name": "fused_layout_transform_30", 
        "flatten_data": "0"
      }, 
      "inputs": [
        [
          221, 
          0, 
          0
        ]
      ]
    }, 
    {
      "op": "null", 
      "name": "p132", 
      "inputs": []
    }, 
    {
      "op": "null", 
      "name": "p133", 
      "inputs": []
    }, 
    {
      "op": "null", 
      "name": "p134", 
      "inputs": []
    }, 
    {
      "op": "null", 
      "name": "p135", 
      "inputs": []
    }, 
    {
      "op": "null", 
      "name": "p136", 
      "inputs": []
    }, 
    {
      "op": "null", 
      "name": "p137", 
      "inputs": []
    }, 
    {
      "op": "tvm_op", 
      "name": "fused_nn_contrib_conv2d_NCHWc_add_3", 
      "attrs": {
        "num_outputs": "1", 
        "num_inputs": "3", 
        "func_name": "fused_nn_contrib_conv2d_NCHWc_add_3", 
        "flatten_data": "0"
      }, 
      "inputs": [
        [
          213, 
          0, 
          0
        ], 
        [
          227, 
          0, 
          0
        ], 
        [
          228, 
          0, 
          0
        ]
      ]
    }, 
    {
      "op": "tvm_op", 
      "name": "fused_nn_contrib_conv2d_NCHWc_add_multiply_add_add_nn_relu2", 
      "attrs": {
        "num_outputs": "1", 
        "num_inputs": "6", 
        "func_name": "fused_nn_contrib_conv2d_NCHWc_add_multiply_add_add_nn_relu", 
        "flatten_data": "0"
      }, 
      "inputs": [
        [
          222, 
          0, 
          0
        ], 
        [
          223, 
          0, 
          0
        ], 
        [
          224, 
          0, 
          0
        ], 
        [
          225, 
          0, 
          0
        ], 
        [
          226, 
          0, 
          0
        ], 
        [
          229, 
          0, 
          0
        ]
      ]
    }, 
    {
      "op": "tvm_op", 
      "name": "fused_layout_transform_321", 
      "attrs": {
        "num_outputs": "1", 
        "num_inputs": "1", 
        "func_name": "fused_layout_transform_32", 
        "flatten_data": "0"
      }, 
      "inputs": [
        [
          230, 
          0, 
          0
        ]
      ]
    }, 
    {
      "op": "null", 
      "name": "p138", 
      "inputs": []
    }, 
    {
      "op": "null", 
      "name": "p139", 
      "inputs": []
    }, 
    {
      "op": "null", 
      "name": "p140", 
      "inputs": []
    }, 
    {
      "op": "tvm_op", 
      "name": "fused_nn_contrib_conv2d_NCHWc_add_add_nn_relu1", 
      "attrs": {
        "num_outputs": "1", 
        "num_inputs": "4", 
        "func_name": "fused_nn_contrib_conv2d_NCHWc_add_add_nn_relu", 
        "flatten_data": "0"
      }, 
      "inputs": [
        [
          231, 
          0, 
          0
        ], 
        [
          232, 
          0, 
          0
        ], 
        [
          233, 
          0, 
          0
        ], 
        [
          234, 
          0, 
          0
        ]
      ]
    }, 
    {
      "op": "tvm_op", 
      "name": "fused_layout_transform_311", 
      "attrs": {
        "num_outputs": "1", 
        "num_inputs": "1", 
        "func_name": "fused_layout_transform_31", 
        "flatten_data": "0"
      }, 
      "inputs": [
        [
          235, 
          0, 
          0
        ]
      ]
    }, 
    {
      "op": "null", 
      "name": "p141", 
      "inputs": []
    }, 
    {
      "op": "null", 
      "name": "p142", 
      "inputs": []
    }, 
    {
      "op": "tvm_op", 
      "name": "fused_nn_contrib_conv2d_NCHWc_add_nn_relu1", 
      "attrs": {
        "num_outputs": "1", 
        "num_inputs": "3", 
        "func_name": "fused_nn_contrib_conv2d_NCHWc_add_nn_relu", 
        "flatten_data": "0"
      }, 
      "inputs": [
        [
          236, 
          0, 
          0
        ], 
        [
          237, 
          0, 
          0
        ], 
        [
          238, 
          0, 
          0
        ]
      ]
    }, 
    {
      "op": "tvm_op", 
      "name": "fused_layout_transform_301", 
      "attrs": {
        "num_outputs": "1", 
        "num_inputs": "1", 
        "func_name": "fused_layout_transform_30", 
        "flatten_data": "0"
      }, 
      "inputs": [
        [
          239, 
          0, 
          0
        ]
      ]
    }, 
    {
      "op": "null", 
      "name": "p143", 
      "inputs": []
    }, 
    {
      "op": "null", 
      "name": "p144", 
      "inputs": []
    }, 
    {
      "op": "null", 
      "name": "p145", 
      "inputs": []
    }, 
    {
      "op": "null", 
      "name": "p146", 
      "inputs": []
    }, 
    {
      "op": "tvm_op", 
      "name": "fused_nn_contrib_conv2d_NCHWc_add_multiply_add_add_nn_relu1", 
      "attrs": {
        "num_outputs": "1", 
        "num_inputs": "6", 
        "func_name": "fused_nn_contrib_conv2d_NCHWc_add_multiply_add_add_nn_relu", 
        "flatten_data": "0"
      }, 
      "inputs": [
        [
          240, 
          0, 
          0
        ], 
        [
          241, 
          0, 
          0
        ], 
        [
          242, 
          0, 
          0
        ], 
        [
          243, 
          0, 
          0
        ], 
        [
          244, 
          0, 
          0
        ], 
        [
          230, 
          0, 
          0
        ]
      ]
    }, 
    {
      "op": "tvm_op", 
      "name": "fused_layout_transform_32", 
      "attrs": {
        "num_outputs": "1", 
        "num_inputs": "1", 
        "func_name": "fused_layout_transform_32", 
        "flatten_data": "0"
      }, 
      "inputs": [
        [
          245, 
          0, 
          0
        ]
      ]
    }, 
    {
      "op": "null", 
      "name": "p147", 
      "inputs": []
    }, 
    {
      "op": "null", 
      "name": "p148", 
      "inputs": []
    }, 
    {
      "op": "null", 
      "name": "p149", 
      "inputs": []
    }, 
    {
      "op": "tvm_op", 
      "name": "fused_nn_contrib_conv2d_NCHWc_add_add_nn_relu", 
      "attrs": {
        "num_outputs": "1", 
        "num_inputs": "4", 
        "func_name": "fused_nn_contrib_conv2d_NCHWc_add_add_nn_relu", 
        "flatten_data": "0"
      }, 
      "inputs": [
        [
          246, 
          0, 
          0
        ], 
        [
          247, 
          0, 
          0
        ], 
        [
          248, 
          0, 
          0
        ], 
        [
          249, 
          0, 
          0
        ]
      ]
    }, 
    {
      "op": "tvm_op", 
      "name": "fused_layout_transform_31", 
      "attrs": {
        "num_outputs": "1", 
        "num_inputs": "1", 
        "func_name": "fused_layout_transform_31", 
        "flatten_data": "0"
      }, 
      "inputs": [
        [
          250, 
          0, 
          0
        ]
      ]
    }, 
    {
      "op": "null", 
      "name": "p150", 
      "inputs": []
    }, 
    {
      "op": "null", 
      "name": "p151", 
      "inputs": []
    }, 
    {
      "op": "tvm_op", 
      "name": "fused_nn_contrib_conv2d_NCHWc_add_nn_relu", 
      "attrs": {
        "num_outputs": "1", 
        "num_inputs": "3", 
        "func_name": "fused_nn_contrib_conv2d_NCHWc_add_nn_relu", 
        "flatten_data": "0"
      }, 
      "inputs": [
        [
          251, 
          0, 
          0
        ], 
        [
          252, 
          0, 
          0
        ], 
        [
          253, 
          0, 
          0
        ]
      ]
    }, 
    {
      "op": "tvm_op", 
      "name": "fused_layout_transform_30", 
      "attrs": {
        "num_outputs": "1", 
        "num_inputs": "1", 
        "func_name": "fused_layout_transform_30", 
        "flatten_data": "0"
      }, 
      "inputs": [
        [
          254, 
          0, 
          0
        ]
      ]
    }, 
    {
      "op": "null", 
      "name": "p152", 
      "inputs": []
    }, 
    {
      "op": "null", 
      "name": "p153", 
      "inputs": []
    }, 
    {
      "op": "null", 
      "name": "p154", 
      "inputs": []
    }, 
    {
      "op": "null", 
      "name": "p155", 
      "inputs": []
    }, 
    {
      "op": "tvm_op", 
      "name": "fused_nn_contrib_conv2d_NCHWc_add_multiply_add_add_nn_relu", 
      "attrs": {
        "num_outputs": "1", 
        "num_inputs": "6", 
        "func_name": "fused_nn_contrib_conv2d_NCHWc_add_multiply_add_add_nn_relu", 
        "flatten_data": "0"
      }, 
      "inputs": [
        [
          255, 
          0, 
          0
        ], 
        [
          256, 
          0, 
          0
        ], 
        [
          257, 
          0, 
          0
        ], 
        [
          258, 
          0, 
          0
        ], 
        [
          259, 
          0, 
          0
        ], 
        [
          245, 
          0, 
          0
        ]
      ]
    }, 
    {
      "op": "tvm_op", 
      "name": "fused_nn_global_avg_pool2d", 
      "attrs": {
        "num_outputs": "1", 
        "num_inputs": "1", 
        "func_name": "fused_nn_global_avg_pool2d", 
        "flatten_data": "0"
      }, 
      "inputs": [
        [
          260, 
          0, 
          0
        ]
      ]
    }, 
    {
      "op": "tvm_op", 
      "name": "fused_layout_transform_nn_batch_flatten", 
      "attrs": {
        "num_outputs": "1", 
        "num_inputs": "1", 
        "func_name": "fused_layout_transform_nn_batch_flatten", 
        "flatten_data": "0"
      }, 
      "inputs": [
        [
          261, 
          0, 
          0
        ]
      ]
    }, 
    {
      "op": "null", 
      "name": "p156", 
      "inputs": []
    }, 
    {
      "op": "null", 
      "name": "p157", 
      "inputs": []
    }, 
    {
      "op": "tvm_op", 
      "name": "fused_nn_dense_add", 
      "attrs": {
        "num_outputs": "1", 
        "num_inputs": "3", 
        "func_name": "fused_nn_dense_add", 
        "flatten_data": "0"
      }, 
      "inputs": [
        [
          262, 
          0, 
          0
        ], 
        [
          263, 
          0, 
          0
        ], 
        [
          264, 
          0, 
          0
        ]
      ]
    }
  ], 
  "arg_nodes": [
    0, 
    1, 
    2, 
    4, 
    5, 
    9, 
    10, 
    11, 
    14, 
    15, 
    18, 
    19, 
    20, 
    21, 
    22, 
    23, 
    27, 
    28, 
    29, 
    32, 
    33, 
    36, 
    37, 
    38, 
    39, 
    42, 
    43, 
    44, 
    47, 
    48, 
    51, 
    52, 
    53, 
    54, 
    57, 
    58, 
    59, 
    62, 
    63, 
    66, 
    67, 
    68, 
    69, 
    70, 
    71, 
    76, 
    77, 
    78, 
    81, 
    82, 
    85, 
    86, 
    87, 
    88, 
    91, 
    92, 
    93, 
    96, 
    97, 
    100, 
    101, 
    102, 
    103, 
    106, 
    107, 
    108, 
    111, 
    112, 
    115, 
    116, 
    117, 
    118, 
    121, 
    122, 
    123, 
    126, 
    127, 
    130, 
    131, 
    132, 
    133, 
    134, 
    135, 
    139, 
    140, 
    141, 
    144, 
    145, 
    148, 
    149, 
    150, 
    151, 
    154, 
    155, 
    156, 
    159, 
    160, 
    163, 
    164, 
    165, 
    166, 
    169, 
    170, 
    171, 
    174, 
    175, 
    178, 
    179, 
    180, 
    181, 
    184, 
    185, 
    186, 
    189, 
    190, 
    193, 
    194, 
    195, 
    196, 
    199, 
    200, 
    201, 
    204, 
    205, 
    208, 
    209, 
    210, 
    211, 
    214, 
    215, 
    216, 
    219, 
    220, 
    223, 
    224, 
    225, 
    226, 
    227, 
    228, 
    232, 
    233, 
    234, 
    237, 
    238, 
    241, 
    242, 
    243, 
    244, 
    247, 
    248, 
    249, 
    252, 
    253, 
    256, 
    257, 
    258, 
    259, 
    263, 
    264
  ], 
  "heads": [
    [
      265, 
      0, 
      0
    ]
  ], 
  "attrs": {
    "dltype": [
      "list_str", 
      [
        "float32", 
        "float32", 
        "float32", 
        "float32", 
        "float32", 
        "float32", 
        "float32", 
        "float32", 
        "float32", 
        "float32", 
        "float32", 
        "float32", 
        "float32", 
        "float32", 
        "float32", 
        "float32", 
        "float32", 
        "float32", 
        "float32", 
        "float32", 
        "float32", 
        "float32", 
        "float32", 
        "float32", 
        "float32", 
        "float32", 
        "float32", 
        "float32", 
        "float32", 
        "float32", 
        "float32", 
        "float32", 
        "float32", 
        "float32", 
        "float32", 
        "float32", 
        "float32", 
        "float32", 
        "float32", 
        "float32", 
        "float32", 
        "float32", 
        "float32", 
        "float32", 
        "float32", 
        "float32", 
        "float32", 
        "float32", 
        "float32", 
        "float32", 
        "float32", 
        "float32", 
        "float32", 
        "float32", 
        "float32", 
        "float32", 
        "float32", 
        "float32", 
        "float32", 
        "float32", 
        "float32", 
        "float32", 
        "float32", 
        "float32", 
        "float32", 
        "float32", 
        "float32", 
        "float32", 
        "float32", 
        "float32", 
        "float32", 
        "float32", 
        "float32", 
        "float32", 
        "float32", 
        "float32", 
        "float32", 
        "float32", 
        "float32", 
        "float32", 
        "float32", 
        "float32", 
        "float32", 
        "float32", 
        "float32", 
        "float32", 
        "float32", 
        "float32", 
        "float32", 
        "float32", 
        "float32", 
        "float32", 
        "float32", 
        "float32", 
        "float32", 
        "float32", 
        "float32", 
        "float32", 
        "float32", 
        "float32", 
        "float32", 
        "float32", 
        "float32", 
        "float32", 
        "float32", 
        "float32", 
        "float32", 
        "float32", 
        "float32", 
        "float32", 
        "float32", 
        "float32", 
        "float32", 
        "float32", 
        "float32", 
        "float32", 
        "float32", 
        "float32", 
        "float32", 
        "float32", 
        "float32", 
        "float32", 
        "float32", 
        "float32", 
        "float32", 
        "float32", 
        "float32", 
        "float32", 
        "float32", 
        "float32", 
        "float32", 
        "float32", 
        "float32", 
        "float32", 
        "float32", 
        "float32", 
        "float32", 
        "float32", 
        "float32", 
        "float32", 
        "float32", 
        "float32", 
        "float32", 
        "float32", 
        "float32", 
        "float32", 
        "float32", 
        "float32", 
        "float32", 
        "float32", 
        "float32", 
        "float32", 
        "float32", 
        "float32", 
        "float32", 
        "float32", 
        "float32", 
        "float32", 
        "float32", 
        "float32", 
        "float32", 
        "float32", 
        "float32", 
        "float32", 
        "float32", 
        "float32", 
        "float32", 
        "float32", 
        "float32", 
        "float32", 
        "float32", 
        "float32", 
        "float32", 
        "float32", 
        "float32", 
        "float32", 
        "float32", 
        "float32", 
        "float32", 
        "float32", 
        "float32", 
        "float32", 
        "float32", 
        "float32", 
        "float32", 
        "float32", 
        "float32", 
        "float32", 
        "float32", 
        "float32", 
        "float32", 
        "float32", 
        "float32", 
        "float32", 
        "float32", 
        "float32", 
        "float32", 
        "float32", 
        "float32", 
        "float32", 
        "float32", 
        "float32", 
        "float32", 
        "float32", 
        "float32", 
        "float32", 
        "float32", 
        "float32", 
        "float32", 
        "float32", 
        "float32", 
        "float32", 
        "float32", 
        "float32", 
        "float32", 
        "float32", 
        "float32", 
        "float32", 
        "float32", 
        "float32", 
        "float32", 
        "float32", 
        "float32", 
        "float32", 
        "float32", 
        "float32", 
        "float32", 
        "float32", 
        "float32", 
        "float32", 
        "float32", 
        "float32", 
        "float32", 
        "float32", 
        "float32", 
        "float32", 
        "float32", 
        "float32", 
        "float32", 
        "float32", 
        "float32", 
        "float32", 
        "float32", 
        "float32", 
        "float32", 
        "float32", 
        "float32", 
        "float32", 
        "float32", 
        "float32", 
        "float32", 
        "float32", 
        "float32", 
        "float32", 
        "float32", 
        "float32", 
        "float32", 
        "float32", 
        "float32", 
        "float32", 
        "float32", 
        "float32", 
        "float32", 
        "float32", 
        "float32", 
        "float32"
      ]
    ], 
    "shape": [
      "list_shape", 
      [
        [1, 224, 224, 3], 
        [1, 1, 1, 3], 
        [1, 1, 1, 3], 
        [1, 1, 224, 224, 3], 
        [4, 1, 7, 7, 3, 16], 
        [1, 4, 1, 1, 16], 
        [1, 4, 112, 112, 16], 
        [1, 4, 56, 56, 16], 
        [1, 2, 56, 56, 32], 
        [2, 2, 1, 1, 32, 32], 
        [1, 2, 1, 1, 32], 
        [1, 2, 1, 1, 32], 
        [1, 2, 56, 56, 32], 
        [1, 1, 56, 56, 64], 
        [4, 1, 3, 3, 64, 16], 
        [1, 4, 1, 1, 16], 
        [1, 4, 56, 56, 16], 
        [1, 2, 56, 56, 32], 
        [16, 2, 1, 1, 32, 16], 
        [1, 16, 1, 1, 16], 
        [1, 16, 1, 1, 16], 
        [1, 16, 1, 1, 16], 
        [16, 2, 1, 1, 32, 16], 
        [1, 16, 1, 1, 16], 
        [1, 16, 56, 56, 16], 
        [1, 16, 56, 56, 16], 
        [1, 2, 56, 56, 128], 
        [4, 2, 1, 1, 128, 16], 
        [1, 4, 1, 1, 16], 
        [1, 4, 1, 1, 16], 
        [1, 4, 56, 56, 16], 
        [1, 1, 56, 56, 64], 
        [4, 1, 3, 3, 64, 16], 
        [1, 4, 1, 1, 16], 
        [1, 4, 56, 56, 16], 
        [1, 2, 56, 56, 32], 
        [16, 2, 1, 1, 32, 16], 
        [1, 16, 1, 1, 16], 
        [1, 16, 1, 1, 16], 
        [1, 16, 1, 1, 16], 
        [1, 16, 56, 56, 16], 
        [1, 2, 56, 56, 128], 
        [4, 2, 1, 1, 128, 16], 
        [1, 4, 1, 1, 16], 
        [1, 4, 1, 1, 16], 
        [1, 4, 56, 56, 16], 
        [1, 1, 56, 56, 64], 
        [4, 1, 3, 3, 64, 16], 
        [1, 4, 1, 1, 16], 
        [1, 4, 56, 56, 16], 
        [1, 2, 56, 56, 32], 
        [16, 2, 1, 1, 32, 16], 
        [1, 16, 1, 1, 16], 
        [1, 16, 1, 1, 16], 
        [1, 16, 1, 1, 16], 
        [1, 16, 56, 56, 16], 
        [1, 1, 56, 56, 256], 
        [8, 1, 1, 1, 256, 16], 
        [1, 8, 1, 1, 16], 
        [1, 8, 1, 1, 16], 
        [1, 8, 28, 28, 16], 
        [1, 1, 28, 28, 128], 
        [8, 1, 3, 3, 128, 16], 
        [1, 8, 1, 1, 16], 
        [1, 8, 28, 28, 16], 
        [1, 1, 28, 28, 128], 
        [16, 1, 1, 1, 128, 32], 
        [1, 16, 1, 1, 32], 
        [1, 16, 1, 1, 32], 
        [1, 16, 1, 1, 32], 
        [32, 1, 1, 1, 256, 16], 
        [1, 32, 1, 1, 16], 
        [1, 32, 28, 28, 16], 
        [1, 16, 28, 28, 32], 
        [1, 16, 28, 28, 32], 
        [1, 1, 28, 28, 512], 
        [8, 1, 1, 1, 512, 16], 
        [1, 8, 1, 1, 16], 
        [1, 8, 1, 1, 16], 
        [1, 8, 28, 28, 16], 
        [1, 1, 28, 28, 128], 
        [8, 1, 3, 3, 128, 16], 
        [1, 8, 1, 1, 16], 
        [1, 8, 28, 28, 16], 
        [1, 1, 28, 28, 128], 
        [16, 1, 1, 1, 128, 32], 
        [1, 16, 1, 1, 32], 
        [1, 16, 1, 1, 32], 
        [1, 16, 1, 1, 32], 
        [1, 16, 28, 28, 32], 
        [1, 1, 28, 28, 512], 
        [8, 1, 1, 1, 512, 16], 
        [1, 8, 1, 1, 16], 
        [1, 8, 1, 1, 16], 
        [1, 8, 28, 28, 16], 
        [1, 1, 28, 28, 128], 
        [8, 1, 3, 3, 128, 16], 
        [1, 8, 1, 1, 16], 
        [1, 8, 28, 28, 16], 
        [1, 1, 28, 28, 128], 
        [16, 1, 1, 1, 128, 32], 
        [1, 16, 1, 1, 32], 
        [1, 16, 1, 1, 32], 
        [1, 16, 1, 1, 32], 
        [1, 16, 28, 28, 32], 
        [1, 1, 28, 28, 512], 
        [8, 1, 1, 1, 512, 16], 
        [1, 8, 1, 1, 16], 
        [1, 8, 1, 1, 16], 
        [1, 8, 28, 28, 16], 
        [1, 1, 28, 28, 128], 
        [8, 1, 3, 3, 128, 16], 
        [1, 8, 1, 1, 16], 
        [1, 8, 28, 28, 16], 
        [1, 1, 28, 28, 128], 
        [16, 1, 1, 1, 128, 32], 
        [1, 16, 1, 1, 32], 
        [1, 16, 1, 1, 32], 
        [1, 16, 1, 1, 32], 
        [1, 16, 28, 28, 32], 
        [1, 1, 28, 28, 512], 
        [16, 1, 1, 1, 512, 16], 
        [1, 16, 1, 1, 16], 
        [1, 16, 1, 1, 16], 
        [1, 16, 14, 14, 16], 
        [1, 1, 14, 14, 256], 
        [32, 1, 3, 3, 256, 8], 
        [1, 32, 1, 1, 8], 
        [1, 32, 14, 14, 8], 
        [1, 1, 14, 14, 256], 
        [64, 1, 1, 1, 256, 16], 
        [1, 64, 1, 1, 16], 
        [1, 64, 1, 1, 16], 
        [1, 64, 1, 1, 16], 
        [64, 1, 1, 1, 512, 16], 
        [1, 64, 1, 1, 16], 
        [1, 64, 14, 14, 16], 
        [1, 64, 14, 14, 16], 
        [1, 2, 14, 14, 512], 
        [16, 2, 1, 1, 512, 16], 
        [1, 16, 1, 1, 16], 
        [1, 16, 1, 1, 16], 
        [1, 16, 14, 14, 16], 
        [1, 1, 14, 14, 256], 
        [32, 1, 3, 3, 256, 8], 
        [1, 32, 1, 1, 8], 
        [1, 32, 14, 14, 8], 
        [1, 1, 14, 14, 256], 
        [64, 1, 1, 1, 256, 16], 
        [1, 64, 1, 1, 16], 
        [1, 64, 1, 1, 16], 
        [1, 64, 1, 1, 16], 
        [1, 64, 14, 14, 16], 
        [1, 2, 14, 14, 512], 
        [16, 2, 1, 1, 512, 16], 
        [1, 16, 1, 1, 16], 
        [1, 16, 1, 1, 16], 
        [1, 16, 14, 14, 16], 
        [1, 1, 14, 14, 256], 
        [32, 1, 3, 3, 256, 8], 
        [1, 32, 1, 1, 8], 
        [1, 32, 14, 14, 8], 
        [1, 1, 14, 14, 256], 
        [64, 1, 1, 1, 256, 16], 
        [1, 64, 1, 1, 16], 
        [1, 64, 1, 1, 16], 
        [1, 64, 1, 1, 16], 
        [1, 64, 14, 14, 16], 
        [1, 2, 14, 14, 512], 
        [16, 2, 1, 1, 512, 16], 
        [1, 16, 1, 1, 16], 
        [1, 16, 1, 1, 16], 
        [1, 16, 14, 14, 16], 
        [1, 1, 14, 14, 256], 
        [32, 1, 3, 3, 256, 8], 
        [1, 32, 1, 1, 8], 
        [1, 32, 14, 14, 8], 
        [1, 1, 14, 14, 256], 
        [64, 1, 1, 1, 256, 16], 
        [1, 64, 1, 1, 16], 
        [1, 64, 1, 1, 16], 
        [1, 64, 1, 1, 16], 
        [1, 64, 14, 14, 16], 
        [1, 2, 14, 14, 512], 
        [16, 2, 1, 1, 512, 16], 
        [1, 16, 1, 1, 16], 
        [1, 16, 1, 1, 16], 
        [1, 16, 14, 14, 16], 
        [1, 1, 14, 14, 256], 
        [32, 1, 3, 3, 256, 8], 
        [1, 32, 1, 1, 8], 
        [1, 32, 14, 14, 8], 
        [1, 1, 14, 14, 256], 
        [64, 1, 1, 1, 256, 16], 
        [1, 64, 1, 1, 16], 
        [1, 64, 1, 1, 16], 
        [1, 64, 1, 1, 16], 
        [1, 64, 14, 14, 16], 
        [1, 2, 14, 14, 512], 
        [16, 2, 1, 1, 512, 16], 
        [1, 16, 1, 1, 16], 
        [1, 16, 1, 1, 16], 
        [1, 16, 14, 14, 16], 
        [1, 1, 14, 14, 256], 
        [32, 1, 3, 3, 256, 8], 
        [1, 32, 1, 1, 8], 
        [1, 32, 14, 14, 8], 
        [1, 1, 14, 14, 256], 
        [64, 1, 1, 1, 256, 16], 
        [1, 64, 1, 1, 16], 
        [1, 64, 1, 1, 16], 
        [1, 64, 1, 1, 16], 
        [1, 64, 14, 14, 16], 
        [1, 1, 14, 14, 1024], 
        [64, 1, 1, 1, 1024, 8], 
        [1, 64, 1, 1, 8], 
        [1, 64, 1, 1, 8], 
        [1, 64, 7, 7, 8], 
        [1, 2, 7, 7, 256], 
        [64, 2, 3, 3, 256, 8], 
        [1, 64, 1, 1, 8], 
        [1, 64, 7, 7, 8], 
        [1, 128, 7, 7, 4], 
        [256, 128, 1, 1, 4, 8], 
        [1, 256, 1, 1, 8], 
        [1, 256, 1, 1, 8], 
        [1, 256, 1, 1, 8], 
        [256, 1, 1, 1, 1024, 8], 
        [1, 256, 1, 1, 8], 
        [1, 256, 7, 7, 8], 
        [1, 256, 7, 7, 8], 
        [1, 4, 7, 7, 512], 
        [64, 4, 1, 1, 512, 8], 
        [1, 64, 1, 1, 8], 
        [1, 64, 1, 1, 8], 
        [1, 64, 7, 7, 8], 
        [1, 2, 7, 7, 256], 
        [64, 2, 3, 3, 256, 8], 
        [1, 64, 1, 1, 8], 
        [1, 64, 7, 7, 8], 
        [1, 128, 7, 7, 4], 
        [256, 128, 1, 1, 4, 8], 
        [1, 256, 1, 1, 8], 
        [1, 256, 1, 1, 8], 
        [1, 256, 1, 1, 8], 
        [1, 256, 7, 7, 8], 
        [1, 4, 7, 7, 512], 
        [64, 4, 1, 1, 512, 8], 
        [1, 64, 1, 1, 8], 
        [1, 64, 1, 1, 8], 
        [1, 64, 7, 7, 8], 
        [1, 2, 7, 7, 256], 
        [64, 2, 3, 3, 256, 8], 
        [1, 64, 1, 1, 8], 
        [1, 64, 7, 7, 8], 
        [1, 128, 7, 7, 4], 
        [256, 128, 1, 1, 4, 8], 
        [1, 256, 1, 1, 8], 
        [1, 256, 1, 1, 8], 
        [1, 256, 1, 1, 8], 
        [1, 256, 7, 7, 8], 
        [1, 256, 1, 1, 8], 
        [1, 2048], 
        [1000, 2048], 
        [1000], 
        [1, 1000]
      ]
    ], 
    "storage_id": [
      "list_int", 
      [
        0, 
        1, 
        2, 
        3, 
        4, 
        5, 
        6, 
        3, 
        6, 
        7, 
        8, 
        9, 
        3, 
        10, 
        11, 
        12, 
        3, 
        10, 
        13, 
        14, 
        15, 
        16, 
        17, 
        18, 
        3, 
        6, 
        3, 
        19, 
        20, 
        21, 
        10, 
        3, 
        22, 
        23, 
        10, 
        3, 
        24, 
        25, 
        26, 
        27, 
        10, 
        3, 
        28, 
        29, 
        30, 
        6, 
        3, 
        31, 
        32, 
        6, 
        3, 
        33, 
        34, 
        35, 
        36, 
        6, 
        3, 
        37, 
        38, 
        39, 
        10, 
        6, 
        40, 
        41, 
        10, 
        6, 
        42, 
        43, 
        44, 
        45, 
        46, 
        47, 
        10, 
        3, 
        10, 
        6, 
        48, 
        49, 
        50, 
        3, 
        6, 
        51, 
        52, 
        3, 
        6, 
        53, 
        54, 
        55, 
        56, 
        3, 
        6, 
        57, 
        58, 
        59, 
        10, 
        6, 
        60, 
        61, 
        10, 
        6, 
        62, 
        63, 
        64, 
        65, 
        10, 
        6, 
        66, 
        67, 
        68, 
        3, 
        6, 
        69, 
        70, 
        3, 
        6, 
        71, 
        72, 
        73, 
        74, 
        3, 
        6, 
        75, 
        76, 
        77, 
        10, 
        3, 
        78, 
        79, 
        10, 
        3, 
        80, 
        81, 
        82, 
        83, 
        84, 
        85, 
        10, 
        6, 
        3, 
        86, 
        87, 
        88, 
        10, 
        3, 
        89, 
        90, 
        10, 
        3, 
        91, 
        92, 
        93, 
        94, 
        10, 
        3, 
        95, 
        96, 
        97, 
        6, 
        3, 
        98, 
        99, 
        6, 
        3, 
        100, 
        101, 
        102, 
        103, 
        6, 
        3, 
        104, 
        105, 
        106, 
        10, 
        3, 
        107, 
        108, 
        10, 
        3, 
        109, 
        110, 
        111, 
        112, 
        10, 
        3, 
        113, 
        114, 
        115, 
        6, 
        3, 
        116, 
        117, 
        6, 
        3, 
        118, 
        119, 
        120, 
        121, 
        6, 
        3, 
        122, 
        123, 
        124, 
        10, 
        3, 
        125, 
        126, 
        10, 
        3, 
        127, 
        128, 
        129, 
        130, 
        10, 
        3, 
        131, 
        132, 
        133, 
        134, 
        135, 
        136, 
        137, 
        134, 
        135, 
        138, 
        139, 
        140, 
        141, 
        142, 
        143, 
        6, 
        10, 
        3, 
        144, 
        145, 
        146, 
        134, 
        135, 
        147, 
        148, 
        134, 
        135, 
        149, 
        150, 
        151, 
        152, 
        6, 
        3, 
        153, 
        154, 
        155, 
        134, 
        135, 
        156, 
        157, 
        134, 
        135, 
        158, 
        159, 
        160, 
        161, 
        10, 
        134, 
        135, 
        162, 
        163, 
        164
      ]
    ]
  }, 
  "node_row_ptr": [
    0, 
    1, 
    2, 
    3, 
    4, 
    5, 
    6, 
    7, 
    8, 
    9, 
    10, 
    11, 
    12, 
    13, 
    14, 
    15, 
    16, 
    17, 
    18, 
    19, 
    20, 
    21, 
    22, 
    23, 
    24, 
    25, 
    26, 
    27, 
    28, 
    29, 
    30, 
    31, 
    32, 
    33, 
    34, 
    35, 
    36, 
    37, 
    38, 
    39, 
    40, 
    41, 
    42, 
    43, 
    44, 
    45, 
    46, 
    47, 
    48, 
    49, 
    50, 
    51, 
    52, 
    53, 
    54, 
    55, 
    56, 
    57, 
    58, 
    59, 
    60, 
    61, 
    62, 
    63, 
    64, 
    65, 
    66, 
    67, 
    68, 
    69, 
    70, 
    71, 
    72, 
    73, 
    74, 
    75, 
    76, 
    77, 
    78, 
    79, 
    80, 
    81, 
    82, 
    83, 
    84, 
    85, 
    86, 
    87, 
    88, 
    89, 
    90, 
    91, 
    92, 
    93, 
    94, 
    95, 
    96, 
    97, 
    98, 
    99, 
    100, 
    101, 
    102, 
    103, 
    104, 
    105, 
    106, 
    107, 
    108, 
    109, 
    110, 
    111, 
    112, 
    113, 
    114, 
    115, 
    116, 
    117, 
    118, 
    119, 
    120, 
    121, 
    122, 
    123, 
    124, 
    125, 
    126, 
    127, 
    128, 
    129, 
    130, 
    131, 
    132, 
    133, 
    134, 
    135, 
    136, 
    137, 
    138, 
    139, 
    140, 
    141, 
    142, 
    143, 
    144, 
    145, 
    146, 
    147, 
    148, 
    149, 
    150, 
    151, 
    152, 
    153, 
    154, 
    155, 
    156, 
    157, 
    158, 
    159, 
    160, 
    161, 
    162, 
    163, 
    164, 
    165, 
    166, 
    167, 
    168, 
    169, 
    170, 
    171, 
    172, 
    173, 
    174, 
    175, 
    176, 
    177, 
    178, 
    179, 
    180, 
    181, 
    182, 
    183, 
    184, 
    185, 
    186, 
    187, 
    188, 
    189, 
    190, 
    191, 
    192, 
    193, 
    194, 
    195, 
    196, 
    197, 
    198, 
    199, 
    200, 
    201, 
    202, 
    203, 
    204, 
    205, 
    206, 
    207, 
    208, 
    209, 
    210, 
    211, 
    212, 
    213, 
    214, 
    215, 
    216, 
    217, 
    218, 
    219, 
    220, 
    221, 
    222, 
    223, 
    224, 
    225, 
    226, 
    227, 
    228, 
    229, 
    230, 
    231, 
    232, 
    233, 
    234, 
    235, 
    236, 
    237, 
    238, 
    239, 
    240, 
    241, 
    242, 
    243, 
    244, 
    245, 
    246, 
    247, 
    248, 
    249, 
    250, 
    251, 
    252, 
    253, 
    254, 
    255, 
    256, 
    257, 
    258, 
    259, 
    260, 
    261, 
    262, 
    263, 
    264, 
    265, 
    266
  ]
}